Etapa,Categoria,Valor
Etapa 1,Categoria 1,191
Etapa 1,Categoria 2,94
Etapa 1,Categoria 3,19
Etapa 1,Categoria 4,252
Etapa 2,Categoria 1,304
Etapa 2,Categoria 2,229
Etapa 2,Categoria 3,124
Etapa 2,Categoria 4,457
Etapa 3,Categoria 1,107
Etapa 3,Categoria 2,96
Etapa 3,Categoria 3,86
Etapa 3,Categoria 4,66
Etapa 3,Categoria 5,65
Etapa 3,Categoria 6,64
Etapa 3,Categoria 7,57
Etapa 3,Categoria 8,42
Etapa 3,Categoria 9,38
Etapa 3,Categoria 10,36
Etapa 3,Categoria 11,457
Etapa 4,Categoria 1,582
Etapa 4,Categoria 2,398
Etapa 4,Categoria 3,103
Etapa 4,Categoria 4,620
Etapa 4,Categoria 5,253
Etapa 4,Categoria 6,146
Etapa 4,Categoria 7,113
Etapa 4,Categoria 8,103
Etapa 4,Categoria 9,101
Etapa 4,Categoria 10,80
Etapa 4,Categoria 11,69
Etapa 4,Categoria 12,66
Etapa 4,Categoria 13,49
