data_extracted_on_06/10/2026_00:55:45_from_[estat],unnamed:_1,unnamed:_2,unnamed:_3,unnamed:_5,unnamed:_7,unnamed:_9,unnamed:_11,unnamed:_13,unnamed:_15,unnamed:_17,unnamed:_19,unnamed:_21,unnamed:_23,unnamed:_25,unnamed:_27,unnamed:_29,unnamed:_31,unnamed:_33,unnamed:_35,unnamed:_36,unnamed:_37,unnamed:_39,unnamed:_41,unnamed:_42
Dataset: ,Circular material use rate [sdg_12_41],,,,,,,,,,,,,,,,,,,,,,,
Last updated: ,24/11/2025 23:00,,,,,,,,,,,,,,,,,,,,,,,
Time frequency,,Annual,,,,,,,,,,,,,,,,,,,,,,
Unit of measure,,Percentage,,,,,,,,,,,,,,,,,,,,,,
TIME,2004,,2005,2006,2007,2008,2009,2010,2011,2012,2013,2014,2015,2016,2017,2018,2019,2020,2021,,2022,2023,2024,
GEO (Labels),,,,,,,,,,,,,,,,,,,,,,,,
European Union - 27 countries (from 2020),8.2,,8.7,9,8.8,9.1,10.4,10.7,10.2,11,11.2,11.1,11.2,11.4,11.5,11.6,11.1,11.2,11.1,,11.4,12.1,12.2,i
Euro area – 21 countries (from 2026),:,,:,:,:,:,:,:,:,:,:,:,:,:,:,:,:,:,:,,:,:,:,
Euro area – 20 countries (2023-2025),:,,:,:,:,:,:,:,:,:,:,:,:,:,:,:,:,:,:,,:,:,:,
Belgium,:,,:,:,:,:,:,13.5,14.4,17.3,17.2,17.9,18,18,18.9,20.6,20.5,22.9,21.3,,17.8,21.8,22.7,i
Bulgaria,:,,:,:,:,:,:,2.1,1.8,1.8,2.5,2.7,3.1,4.3,3.4,2.4,4,5.8,4.3,,3,4.9,5,i
Czechia,:,,:,:,:,:,:,5.3,5.4,6.3,6.7,6.8,6.9,7.5,9.1,10.5,10.6,11.5,11,,11.3,13.6,14.8,i
Denmark,:,,:,:,:,:,:,8,7,6.4,7.7,9,8.3,7.8,7.9,8,7.6,7.5,8.4,,9.1,9.3,9.4,i
Germany,:,,:,:,:,:,:,11.2,10.6,11,11.1,11.2,11.7,11.8,11.7,12.1,12.5,12.9,12.3,,12.6,14.5,14.8,i
Estonia,:,,:,:,:,:,:,9,14.5,19.2,14.7,11.3,11.4,11.9,12.5,13.8,15.2,16.3,19.9,,21.8,20.5,20.5,i
Ireland,:,,:,:,:,:,:,1.9,2.2,1.9,1.9,2.2,2.1,2,1.9,1.9,1.8,1.8,2,,2.1,2.1,2,i
Greece,:,,:,:,:,:,:,2.5,2,1.8,1.7,1.3,1.8,2.1,2.5,3,3.4,4.2,5.3,b,6.3,5.2,5.2,i
Spain,:,,:,:,:,:,:,10.4,9.9,9.8,8.9,7.8,7.6,8.3,8.9,9,9,9.4,9.1,,9.6,8.2,7.4,i
France,:,,:,:,:,:,:,17.6,17.2,17.1,17.6,18.1,19.1,19.7,19.1,19.8,16.2,15.4,15.4,,16.7,16.9,17.8,i
Croatia,:,,:,:,:,:,:,1.6,2.4,3.5,3.9,4.8,4.6,4.6,5.1,5,5.4,5.5,6.1,,6.8,6.1,5.9,i
Italy,:,,:,:,:,:,:,11.3,11.5,13.6,15.6,15.7,16.7,17.3,17.9,18.3,18.7,20.1,19.3,,20.2,21.1,21.6,i
Cyprus,:,,:,:,:,:,:,2,1.9,2,2.4,2.2,2.4,2.4,2.4,2.8,3.2,3.8,5.8,,8.3,5.4,5.5,i
Latvia,:,,:,:,:,:,:,1.2,2.9,1.3,3.9,5.3,5.3,6.6,5.5,4.7,4.8,5.2,5,,4.3,6,6.8,i
Lithuania,:,,:,:,:,:,:,3.9,3.6,3.8,3.1,3.7,4.1,4.6,4.4,4.3,3.9,4,4.1,,4,4.1,4.2,i
Luxembourg,:,,:,:,:,:,:,23.4,19.8,17.7,15.2,11.1,9.6,7.1,10.6,10.8,9.1,9.7,8.7,,12,10.1,10.7,
Hungary,:,,:,:,:,:,:,5.2,5.4,6,6.1,5.3,5.7,6.3,6.7,6.9,5.5,5.1,5,,4.9,6.8,7.3,i
Malta,:,,:,:,:,:,:,5.3,4.5,3.9,6.3,6.4,4.6,4.2,6.5,8.3,12.5,16.2,18.4,,20.4,19.5,18.6,i
Netherlands,:,,:,:,:,:,:,24.8,24.3,25.3,26,25.7,27.4,29.7,28.5,28,26.9,28.2,30.1,,28.5,32,32.7,i
Austria,:,,:,:,:,:,:,6.8,6.9,7.9,9.1,9.9,11.2,11.9,12,11.8,11.5,11.4,11.2,,12.2,14.2,15.2,i
Poland,:,,:,:,:,:,:,11.1,9.4,11,12.2,13,11.9,10.6,10.4,10.5,9.2,7.4,7,,6.7,7.8,7.7,i
Portugal,:,,:,:,:,:,:,1.8,1.8,2,2.6,2.5,2.1,2.1,2,2.2,2.4,2.6,2.8,,3.4,3,3,i
Romania,:,,:,:,:,:,:,3.5,2.5,2.6,2.5,2.1,1.7,1.7,1.8,1.6,1.4,1.5,1.5,,1.5,1.5,1.3,i
Slovenia,:,,:,:,:,:,:,5.9,7.6,9.4,9.3,8.5,8.6,8.7,9.8,10.1,10.2,9.9,8.9,,8.2,9.9,10.1,i
Slovakia,:,,:,:,:,:,:,5,4.7,4,4.5,4.8,5,5.2,4.9,4.7,8.3,10.3,10.4,,11.5,10.6,12.2,i
Finland,:,,:,:,:,:,:,10.5,10.8,11.9,8.5,5.6,5.2,4,4.4,4.7,5.1,4.8,5.5,,5.8,2.6,2,i
Sweden,:,,:,:,:,:,:,7.2,7.6,8.2,7.2,6.4,6.7,6.9,6.7,6.6,6.4,6.9,9.5,,12.1,10.1,10.4,i
Iceland,:,,:,:,:,:,:,:,:,:,:,:,:,:,:,:,:,:,:,,:,:,:,
Norway,:,,:,:,:,:,:,:,:,:,:,:,:,:,:,:,:,:,:,,:,:,:,
Switzerland,:,,:,:,:,:,:,:,:,:,:,:,:,:,:,:,:,:,:,,:,:,:,
Special value,,,,,,,,,,,,,,,,,,,,,,,,
:,not available,,,,,,,,,,,,,,,,,,,,,,,
Observation flags:,,,,,,,,,,,,,,,,,,,,,,,,
b,break in time series,,,,,,,,,,,,,,,,,,,,,,,
i,value imputed by Eurostat or other receiving agencies,,,,,,,,,,,,,,,,,,,,,,,
